-- MySQL dump 10.13  Distrib 8.0.41, for Win64 (x86_64)
--
-- Host: 127.0.0.1    Database: fds
-- ------------------------------------------------------
-- Server version	8.0.41

/*!40101 SET @OLD_CHARACTER_SET_CLIENT=@@CHARACTER_SET_CLIENT */;
/*!40101 SET @OLD_CHARACTER_SET_RESULTS=@@CHARACTER_SET_RESULTS */;
/*!40101 SET @OLD_COLLATION_CONNECTION=@@COLLATION_CONNECTION */;
/*!50503 SET NAMES utf8 */;
/*!40103 SET @OLD_TIME_ZONE=@@TIME_ZONE */;
/*!40103 SET TIME_ZONE='+00:00' */;
/*!40014 SET @OLD_UNIQUE_CHECKS=@@UNIQUE_CHECKS, UNIQUE_CHECKS=0 */;
/*!40014 SET @OLD_FOREIGN_KEY_CHECKS=@@FOREIGN_KEY_CHECKS, FOREIGN_KEY_CHECKS=0 */;
/*!40101 SET @OLD_SQL_MODE=@@SQL_MODE, SQL_MODE='NO_AUTO_VALUE_ON_ZERO' */;
/*!40111 SET @OLD_SQL_NOTES=@@SQL_NOTES, SQL_NOTES=0 */;

--
-- Table structure for table `admin`
--

DROP TABLE IF EXISTS `admin`;
/*!40101 SET @saved_cs_client     = @@character_set_client */;
/*!50503 SET character_set_client = utf8mb4 */;
CREATE TABLE `admin` (
  `adminid` int NOT NULL AUTO_INCREMENT,
  `name` varchar(45) NOT NULL,
  `email` varchar(45) NOT NULL,
  `address` varchar(45) NOT NULL,
  `phone` varchar(10) NOT NULL,
  `altphone` varchar(10) NOT NULL,
  `password` varchar(100) NOT NULL,
  PRIMARY KEY (`adminid`)
) ENGINE=InnoDB AUTO_INCREMENT=3 DEFAULT CHARSET=utf8mb4 COLLATE=utf8mb4_0900_ai_ci;
/*!40101 SET character_set_client = @saved_cs_client */;

--
-- Dumping data for table `admin`
--

LOCK TABLES `admin` WRITE;
/*!40000 ALTER TABLE `admin` DISABLE KEYS */;
INSERT INTO `admin` VALUES (1,'om phule','omphule1@gmail.com','ghdsas','67686786','576566','$2a$12$.gTx5Ved4.1T9mPaFTuHy.ZOU7kHJze6.rMUieJrwmWDy7mPDKZvO'),(2,'Harshad Joshi','admin@gmail.com','SDB 2 - (G & 1st Flr) SDB 3 - (3 - 6 Flr), ','4534675423','8989086576','$2a$10$NHq3qgVdwHnJARi6DWt4gO82ZTIHzRUBVg7ImFHHtQWyrsUi36tye');
/*!40000 ALTER TABLE `admin` ENABLE KEYS */;
UNLOCK TABLES;

--
-- Table structure for table `authorities`
--

DROP TABLE IF EXISTS `authorities`;
/*!40101 SET @saved_cs_client     = @@character_set_client */;
/*!50503 SET character_set_client = utf8mb4 */;
CREATE TABLE `authorities` (
  `username` varchar(50) NOT NULL,
  `authority` varchar(45) NOT NULL
) ENGINE=InnoDB DEFAULT CHARSET=utf8mb4 COLLATE=utf8mb4_0900_ai_ci;
/*!40101 SET character_set_client = @saved_cs_client */;

--
-- Dumping data for table `authorities`
--

LOCK TABLES `authorities` WRITE;
/*!40000 ALTER TABLE `authorities` DISABLE KEYS */;
INSERT INTO `authorities` VALUES ('bhushan1@gmail.com','ROLE_RESTAURANT'),('harshad1@gmail.com','ROLE_RESTAURANT'),('harshad2@gmail.com','ROLE_DELIVERY'),('om1@gmail.com','ROLE_CUSTOMER'),('om2@gmail.com','ROLE_CUSTOMER'),('om3@gmail.com','ROLE_CUSTOMER'),('om4@gmail.com','ROLE_CUSTOMER'),('om6@gmail.com','ROLE_CUSTOMER'),('om7@gmail.com','ROLE_CUSTOMER'),('omphule1@gmail.com','ROLE_ADMIN'),('prafful3@gmail.com','ROLE_CUSTOMER'),('sarthak@gmail.com','ROLE_DELIVERY'),('soham@gmail.com','ROLE_CUSTOMER'),('admin@gmail.com','ROLE_ADMIN');
/*!40000 ALTER TABLE `authorities` ENABLE KEYS */;
UNLOCK TABLES;

--
-- Table structure for table `customer`
--

DROP TABLE IF EXISTS `customer`;
/*!40101 SET @saved_cs_client     = @@character_set_client */;
/*!50503 SET character_set_client = utf8mb4 */;
CREATE TABLE `customer` (
  `customer_Id` int NOT NULL AUTO_INCREMENT,
  `name` varchar(50) NOT NULL,
  `email` varchar(50) NOT NULL,
  `phone` varchar(10) NOT NULL,
  `altphone` varchar(10) NOT NULL,
  `address` varchar(250) NOT NULL,
  `password` varchar(90) NOT NULL,
  PRIMARY KEY (`customer_Id`),
  KEY `email_idx` (`email`)
) ENGINE=InnoDB AUTO_INCREMENT=9 DEFAULT CHARSET=utf8mb4 COLLATE=utf8mb4_0900_ai_ci;
/*!40101 SET character_set_client = @saved_cs_client */;

--
-- Dumping data for table `customer`
--

LOCK TABLES `customer` WRITE;
/*!40000 ALTER TABLE `customer` DISABLE KEYS */;
INSERT INTO `customer` VALUES (4,'Om Phule','om1@gmail.com','7709777228','4534675423','siruseri chennai','$2a$10$6OVYngAtZ8d0WzXeQYL8yukEQWtDPlZhUCG8DKjV0RwU4f/0vx/fu'),(5,'Om Phule','om2@gmail.com','7709777228','4534675423','siruseri chennai','$2a$10$adYajXR.OQG7bVpQmc/BcOqJzt6PZ6uL7mWNSlEFRsoPNElHdbY.O'),(6,'Om Phule','om6@gmail.com','7709777228','7876545676','siruseri chennai','$2a$10$7Kp53B05U32kolGwEUh92ebOd0179X4gwdbTCEwkcY9Lm8e3t7LXq'),(7,'Om Phule','om7@gmail.com','7709777228','7876545670','siruseri chennai','$2a$10$d4g7jZv6oeTjGXS0NXxeGOBD/NKUQ0tyqo2TM1.7olDxmopcNUX2y'),(8,'Soham ','soham@gmail.com','2425242626','2626262626','chennai','$2a$12$YHdPPoDnS9YZ4SjDFuzz/u4LKCEfx29Q/LGTsq5ODEabt0JkCEqsC');
/*!40000 ALTER TABLE `customer` ENABLE KEYS */;
UNLOCK TABLES;

--
-- Table structure for table `delivery`
--

DROP TABLE IF EXISTS `delivery`;
/*!40101 SET @saved_cs_client     = @@character_set_client */;
/*!50503 SET character_set_client = utf8mb4 */;
CREATE TABLE `delivery` (
  `agentid` int NOT NULL AUTO_INCREMENT,
  `name` varchar(45) NOT NULL,
  `email` varchar(45) NOT NULL,
  `phone` varchar(10) NOT NULL,
  `altphone` varchar(10) NOT NULL,
  `password` varchar(100) NOT NULL,
  `dob` varchar(10) NOT NULL,
  `vehicle` varchar(10) NOT NULL,
  `adharcard` varchar(12) NOT NULL,
  `address` varchar(128) NOT NULL,
  `flag` varchar(2) NOT NULL,
  PRIMARY KEY (`agentid`)
) ENGINE=InnoDB AUTO_INCREMENT=4 DEFAULT CHARSET=utf8mb4 COLLATE=utf8mb4_0900_ai_ci;
/*!40101 SET character_set_client = @saved_cs_client */;

--
-- Dumping data for table `delivery`
--

LOCK TABLES `delivery` WRITE;
/*!40000 ALTER TABLE `delivery` DISABLE KEYS */;
INSERT INTO `delivery` VALUES (2,'Harshad','harshad2@gmail.com','4537786764','7878787878','pass123','2025-05-14','424423','2342342342','SDB 2 - (G & 1st Flr) SDB 3 - (3 - 6 Flr), Survey 602/3, Plot No. 1, ELCOT IT/ ITES - SEZ, Sholinganallur Village','1'),(3,'sarthak nande','sarthak@gmail.com','4534675423','9098989898','$2a$10$k7jNdfB0fJ1DfCl972jWp.VrSlLIcni2L7DR6PcXdH0gINC8vGTxS','2025-06-10','mh7878','878787878787','SDB 2 - (G & 1st Flr) SDB 3 - (3 - 6 Flr), Survey No. 602/3, Plot No. 1, ELCOT IT/ ITES - SEZ, Sholinganallur Village','1');
/*!40000 ALTER TABLE `delivery` ENABLE KEYS */;
UNLOCK TABLES;

--
-- Table structure for table `feedback`
--

DROP TABLE IF EXISTS `feedback`;
/*!40101 SET @saved_cs_client     = @@character_set_client */;
/*!50503 SET character_set_client = utf8mb4 */;
CREATE TABLE `feedback` (
  `f_id` int NOT NULL AUTO_INCREMENT,
  `food_quality` varchar(45) NOT NULL,
  `delivery_quality` varchar(45) NOT NULL,
  `app_exp` varchar(200) NOT NULL,
  `cemail` varchar(45) NOT NULL,
  `demail` varchar(45) DEFAULT NULL,
  PRIMARY KEY (`f_id`)
) ENGINE=InnoDB AUTO_INCREMENT=28 DEFAULT CHARSET=utf8mb4 COLLATE=utf8mb4_0900_ai_ci;
/*!40101 SET character_set_client = @saved_cs_client */;

--
-- Dumping data for table `feedback`
--

LOCK TABLES `feedback` WRITE;
/*!40000 ALTER TABLE `feedback` DISABLE KEYS */;
INSERT INTO `feedback` VALUES (1,'4','4','good','om7@gmail.com','harshad2@gmail.com'),(2,'3','2','good','om7@gmail.com','harshad2@gmail.com'),(3,'5','5','good','om7@gmail.com','harshad2@gmail.com'),(4,'4','4','no problem','om7@gmail.com','harshad2@gmail.com'),(5,'4','4','no problem','om7@gmail.com','harshad2@gmail.com'),(6,'4','4','good','om7@gmail.com',''),(7,'2','2','good','om7@gmail.com',''),(8,'3','3','good','om7@gmail.com',''),(9,'1','1','xdvfsdf','om7@gmail.com',''),(10,'1','1','hh','soham@gmail.com',''),(11,'1','1','sdasd','soham@gmail.com',''),(12,'1','2','zsvsdf','soham@gmail.com','harshad2@gmail.com'),(13,'1','1','edwedfwe','om7@gmail.com',''),(14,'1','1','awefewr','om7@gmail.com',''),(15,'1','1','ZCZ','om7@gmail.com',''),(16,'1','1','FDGF','om7@gmail.com',''),(17,'2','2','aasc','om7@gmail.com','harshad2@gmail.com'),(18,'2','2','dad','om7@gmail.com','harshad2@gmail.com'),(19,'2','2','dqwd','om7@gmail.com','harshad2@gmail.com'),(20,'1','1','ssdff','',''),(21,'1','1','zdvxb','',''),(22,'1','1','no','om7@gmail.com','harshad2@gmail.com'),(23,'1','2','worst','om7@gmail.com','harshad2@gmail.com'),(24,'5','5','good','om7@gmail.com','harshad2@gmail.com'),(25,'5','5','good','om7@gmail.com','harshad2@gmail.com'),(26,'5','3','well','om7@gmail.com',NULL),(27,'4','4','mb','om7@gmail.com',NULL);
/*!40000 ALTER TABLE `feedback` ENABLE KEYS */;
UNLOCK TABLES;

--
-- Table structure for table `fooditems`
--

DROP TABLE IF EXISTS `fooditems`;
/*!40101 SET @saved_cs_client     = @@character_set_client */;
/*!50503 SET character_set_client = utf8mb4 */;
CREATE TABLE `fooditems` (
  `id` int NOT NULL AUTO_INCREMENT,
  `name` varchar(50) NOT NULL,
  `type` varchar(45) NOT NULL,
  `rs` varchar(45) NOT NULL,
  `comment` varchar(45) NOT NULL,
  `fimg` varchar(500) NOT NULL,
  `rname` varchar(45) NOT NULL,
  `raddress` varchar(45) NOT NULL,
  PRIMARY KEY (`id`)
) ENGINE=InnoDB AUTO_INCREMENT=20 DEFAULT CHARSET=utf8mb4 COLLATE=utf8mb4_0900_ai_ci;
/*!40101 SET character_set_client = @saved_cs_client */;

--
-- Dumping data for table `fooditems`
--

LOCK TABLES `fooditems` WRITE;
/*!40000 ALTER TABLE `fooditems` DISABLE KEYS */;
INSERT INTO `fooditems` VALUES (1,'burger','Burger','120','testy','https://img.freepik.com/free-photo/classic-cheese-burger-with-beef-cutlet-vegetables-onions-isolated-white-background_123827-29709.jpg?ga=GA1.1.556730580.1747023563&semt=ais_hybrid&w=740','Anand Restaurant','Solapur'),(2,'sandwitch','Sandwitch','100','testy','https://img.freepik.com/free-photo/high-angle-sandwitch-with-pickle_23-2149235938.jpg?ga=GA1.1.556730580.1747023563&semt=ais_hybrid&w=740','Anand Restaurant','Solapur'),(3,'Biryani','Biryani','90','spicy','https://img.freepik.com/free-photo/plate-biryani-with-bunch-food-it_505751-3819.jpg?ga=GA1.1.556730580.1747023563&semt=ais_hybrid&w=740','Prafful Restro','Sangole'),(4,'IceCream','IceCream','60','Thanda','https://img.freepik.com/free-photo/ice-cream-table_140725-8604.jpg?ga=GA1.1.556730580.1747023563&semt=ais_hybrid&w=740','Prafful Restro','Sangole'),(5,'Cake','Cake','250','Vanila','https://img.freepik.com/premium-photo/wedding-cake-wedding-newlyweds_419896-2253.jpg?ga=GA1.1.556730580.1747023563&semt=ais_hybrid&w=740','Anand Restaurant','Solapur'),(6,'French Fries','Fries','80','Spicy','https://img.freepik.com/premium-photo/homemade-pile-appetizing-french-fries_488220-4209.jpg?ga=GA1.1.556730580.1747023563&semt=ais_hybrid&w=740','Anand Restaurant','Solapur'),(7,'Chicken','Chicken','350','Tadaka','https://img.freepik.com/premium-photo/succulent-spiced-whole-roasted-chicken-slate-with-zesty-green-sauce_968957-8828.jpg?ga=GA1.1.556730580.1747023563&semt=ais_hybrid&w=740','Prafful Restro','Sangole'),(8,'Pizza','Pizza','110','Onion','https://img.freepik.com/free-photo/pizza-pizza-filled-with-tomatoes-salami-olives_140725-1200.jpg?ga=GA1.1.556730580.1747023563&semt=ais_hybrid&w=740','Prafful Restro','Sangole'),(9,'Pizza Onion','Pizza','90','spicy','https://img.freepik.com/free-photo/pizza-pizza-filled-with-tomatoes-salami-olives_140725-1200.jpg?ga=GA1.1.556730580.1747023563&semt=ais_hybrid&w=740','Anand Restaurant','Solapur'),(10,'Burger Chicken','Burger','180','Cryspi','https://img.freepik.com/premium-photo/delicious-tasty-flying-burger-table-cheese-burger-with-bacon_1293239-2836.jpg?ga=GA1.1.556730580.1747023563&semt=ais_hybrid&w=740','Prafful Restro','Sangole'),(11,'Sandwitch','Sandwitch','89','Spicy','https://img.freepik.com/free-photo/front-view-tasty-ham-sandwiches-with-french-fries-dark-surface_179666-34644.jpg?ga=GA1.1.556730580.1747023563&semt=ais_hybrid&w=740','Prafful Restro','Sangole'),(12,'Biryani Anda','Biryani','99','Spicy','https://img.freepik.com/premium-photo/tawa-pulao-pulav-pilaf-pilau-is-indian-street-food-made-using-basmati-rice-vegetables-spices-selective-focus_466689-70907.jpg?ga=GA1.1.556730580.1747023563&semt=ais_hybrid&w=740','Anand Restaurant','Solapur'),(13,'Butter IceCream','IceCream','90','Thanda','https://img.freepik.com/premium-photo/assorted-ice-cream-white-bowl_80013-2630.jpg?ga=GA1.1.556730580.1747023563&semt=ais_hybrid&w=740','Anand Restaurant','Solapur'),(14,'2-Layer Cake','Cake','340','Vanila','https://img.freepik.com/free-photo/chocolate-cake-with-cream-nuts-chocolate-spread_140725-10904.jpg?ga=GA1.1.556730580.1747023563&semt=ais_hybrid&w=740','Prafful Restro','Sangole'),(15,'Fries','Fries','78','Cryspi','https://img.freepik.com/free-photo/top-view-delicious-fries-sauce_23-2149235944.jpg?ga=GA1.1.556730580.1747023563&semt=ais_hybrid&w=740','Prafful Restro','Sangole'),(16,'Chicken Kabab','Chicken','500','Tikha','https://img.freepik.com/free-photo/close-up-delicious-chicken-meal_23-2150741771.jpg?ga=GA1.1.556730580.1747023563&semt=ais_hybrid&w=740','Anand Restaurant','Solapur'),(18,'Chicken Kabab','Chicken','349','Testy','https://img.freepik.com/free-photo/baked-chicken-wings-asian-style-tomatoes-sauce-plate_2829-10657.jpg?ga=GA1.1.556730580.1747023563&semt=ais_hybrid&w=740','Bhushan ','Bhushan Restro'),(19,'Pizza Spicy','Pizza','150','most spicy pizza ','https://img.freepik.com/premium-photo/mouth-watering-chicken-fajita-pizza-isolated-white-background_787273-29363.jpg?ga=GA1.1.1448172054.1748952869&semt=ais_hybrid&w=740','Bhushan','Bhushan Restro');
/*!40000 ALTER TABLE `fooditems` ENABLE KEYS */;
UNLOCK TABLES;

--
-- Table structure for table `orders`
--

DROP TABLE IF EXISTS `orders`;
/*!40101 SET @saved_cs_client     = @@character_set_client */;
/*!50503 SET character_set_client = utf8mb4 */;
CREATE TABLE `orders` (
  `order_id` int NOT NULL AUTO_INCREMENT,
  `name` varchar(45) NOT NULL,
  `comment` varchar(100) DEFAULT NULL,
  `quantity` varchar(45) NOT NULL,
  `price` varchar(45) NOT NULL,
  `rname` varchar(45) NOT NULL,
  `cname` varchar(45) NOT NULL,
  `cphone` varchar(45) NOT NULL,
  `caltphone` varchar(45) NOT NULL,
  `caddress` varchar(45) NOT NULL,
  `flag` varchar(45) NOT NULL,
  `raddress` varchar(45) NOT NULL,
  `cemail` varchar(45) NOT NULL,
  `fimg` varchar(500) NOT NULL,
  `demail` varchar(45) DEFAULT NULL,
  `tflag` varchar(45) NOT NULL,
  `payment` varchar(45) NOT NULL,
  `otp` varchar(45) NOT NULL,
  PRIMARY KEY (`order_id`),
  KEY `dEmail_idx` (`demail`)
) ENGINE=InnoDB AUTO_INCREMENT=24 DEFAULT CHARSET=utf8mb4 COLLATE=utf8mb4_0900_ai_ci;
/*!40101 SET character_set_client = @saved_cs_client */;

--
-- Dumping data for table `orders`
--

LOCK TABLES `orders` WRITE;
/*!40000 ALTER TABLE `orders` DISABLE KEYS */;
INSERT INTO `orders` VALUES (1,'sandwitch','','1','100.00','Bhushan','Om Phule','7709777228','7876545676','siruseri chennai','4','Solapur','om7@gmail.com','https://img.freepik.com/free-photo/high-angle-sandwitch-with-pickle_23-2149235938.jpg?ga=GA1.1.556730580.1747023563&semt=ais_hybrid&w=740',NULL,'1','COD','678564'),(2,'burger','','1','120.00','Bhushan','Om Phule','7709777228','7876545676','siruseri chennai','4','Solapur','om7@gmail.com','https://img.freepik.com/free-photo/classic-cheese-burger-with-beef-cutlet-vegetables-onions-isolated-white-background_123827-29709.jpg?ga=GA1.1.556730580.1747023563&semt=ais_hybrid&w=740',NULL,'2','COD','234543'),(3,'Chicken','takadka','2','700.00','Prafful Restro','Om Phule','7709777228','7876545676','siruseri chennai','2','Sangole','om7@gmail.com','https://img.freepik.com/premium-photo/succulent-spiced-whole-roasted-chicken-slate-with-zesty-green-sauce_968957-8828.jpg?ga=GA1.1.556730580.1747023563&semt=ais_hybrid&w=740','','3','COD','242231'),(4,'Biryani','special','1','90.00','Prafful Restro','Om Phule','7709777228','7876545676','siruseri chennai','4','Sangole','om7@gmail.com','https://img.freepik.com/free-photo/plate-biryani-with-bunch-food-it_505751-3819.jpg?ga=GA1.1.556730580.1747023563&semt=ais_hybrid&w=740','harshad2@gmail.com','4','COD','134543'),(5,'sandwitch','','2','200.00','Bhushan','Om Phule','7709777228','7876545676','siruseri chennai','4','Solapur','om7@gmail.com','https://img.freepik.com/free-photo/high-angle-sandwitch-with-pickle_23-2149235938.jpg?ga=GA1.1.556730580.1747023563&semt=ais_hybrid&w=740','sarthak@gmail.com','2','COD','4534534'),(6,'Cake','','1','250.00','Bhushan','Om Phule','7709777228','7876545676','siruseri chennai','4','Solapur','om7@gmail.com','https://img.freepik.com/premium-photo/wedding-cake-wedding-newlyweds_419896-2253.jpg?ga=GA1.1.556730580.1747023563&semt=ais_hybrid&w=740','harshad2@gmail.com','1','COD','323453'),(7,'Pizza','testy','2','220.00','Prafful Restro','Om Phule','7709777228','7876545676','siruseri chennai','4','Sangole','om7@gmail.com','https://img.freepik.com/free-photo/pizza-pizza-filled-with-tomatoes-salami-olives_140725-1200.jpg?ga=GA1.1.556730580.1747023563&semt=ais_hybrid&w=740','harshad2@gmail.com','3','COD','234567'),(8,'Cake','yumm','1','250.00','Anand Restaurant','Soham ','2425242626','2626262626','chennai','4','Solapur','soham@gmail.com','https://img.freepik.com/premium-photo/wedding-cake-wedding-newlyweds_419896-2253.jpg?ga=GA1.1.556730580.1747023563&semt=ais_hybrid&w=740','harshad2@gmail.com','1','COD','232323'),(9,'Cake','','1','250.00','Anand Restaurant','Om Phule','7709777228','7876545676','siruseri chennai','4','Solapur','om7@gmail.com','https://img.freepik.com/premium-photo/wedding-cake-wedding-newlyweds_419896-2253.jpg?ga=GA1.1.556730580.1747023563&semt=ais_hybrid&w=740','harshad2@gmail.com','4','COD','565345'),(10,'French Fries','','1','80.00','Anand Restaurant','Om Phule','7709777228','7876545676','siruseri chennai','4','Solapur','om7@gmail.com','https://img.freepik.com/premium-photo/homemade-pile-appetizing-french-fries_488220-4209.jpg?ga=GA1.1.556730580.1747023563&semt=ais_hybrid&w=740','harshad2@gmail.com','2','COD','3465323'),(11,'French Fries','','1','80.00','Anand Restaurant','Om Phule','7709777228','7876545676','siruseri chennai','4','Solapur','om7@gmail.com','https://img.freepik.com/premium-photo/homemade-pile-appetizing-french-fries_488220-4209.jpg?ga=GA1.1.556730580.1747023563&semt=ais_hybrid&w=740','harshad2@gmail.com','3','COD','232323'),(12,'burger','','1','120.00','Bhushan','Om Phule','7709777228','7876545676','siruseri chennai','4','Solapur','om7@gmail.com','https://img.freepik.com/free-photo/classic-cheese-burger-with-beef-cutlet-vegetables-onions-isolated-white-background_123827-29709.jpg?ga=GA1.1.556730580.1747023563&semt=ais_hybrid&w=740','harshad2@gmail.com','1','COD','989876'),(13,'sandwitch','spicy','3','300.00','Bhushan','Om Phule','7709777228','7876545676','siruseri chennai','4','Solapur','om7@gmail.com','https://img.freepik.com/free-photo/high-angle-sandwitch-with-pickle_23-2149235938.jpg?ga=GA1.1.556730580.1747023563&semt=ais_hybrid&w=740','harshad2@gmail.com','4','COD','898098'),(14,'Sandwitch','','1','89.00','Bhushan','Om Phule','7709777228','7876545676','siruseri chennai','4','Sangole','om7@gmail.com','https://img.freepik.com/free-photo/front-view-tasty-ham-sandwiches-with-french-fries-dark-surface_179666-34644.jpg?ga=GA1.1.556730580.1747023563&semt=ais_hybrid&w=740','sarthak@gmail.com','3','COD','657456'),(15,'IceCream','','1','60.00','Prafful Restro','Om Phule','7709777228','7876545670','siruseri chennai','2','Sangole','om7@gmail.com','https://img.freepik.com/free-photo/ice-cream-table_140725-8604.jpg?ga=GA1.1.556730580.1747023563&semt=ais_hybrid&w=740','sarthak@gmail.com','2','COD','234543'),(16,'sandwitch','','1','100.00','Anand Restaurant','Om Phule','7709777228','7876545670','siruseri chennai','3','Solapur','om7@gmail.com','https://img.freepik.com/free-photo/high-angle-sandwitch-with-pickle_23-2149235938.jpg?ga=GA1.1.556730580.1747023563&semt=ais_hybrid&w=740','sarthak@gmail.com','1','COD','786798'),(17,'sandwitch','','1','100.00','Bhushan','Om P Phule','7709777228','7876545670','siruseri chennai','2','Solapur','om7@gmail.com','https://img.freepik.com/free-photo/high-angle-sandwitch-with-pickle_23-2149235938.jpg?ga=GA1.1.556730580.1747023563&semt=ais_hybrid&w=740','sarthak@gmail.com','1','COD','536253'),(18,'Biryani','','1','90.00','Bhushan','Om P Phule','7709777228','7876545670','siruseri chennai','1','Sangole','om7@gmail.com','https://img.freepik.com/free-photo/plate-biryani-with-bunch-food-it_505751-3819.jpg?ga=GA1.1.556730580.1747023563&semt=ais_hybrid&w=740','','1','COD','273632'),(19,'Pizza','','1','110.00','Bhushan','Om P Phule','7709777228','7876545670','siruseri chennai','1','Sangole','om7@gmail.com','https://img.freepik.com/free-photo/pizza-pizza-filled-with-tomatoes-salami-olives_140725-1200.jpg?ga=GA1.1.556730580.1747023563&semt=ais_hybrid&w=740','','1','COD','253625'),(20,'sandwitch','','1','100.00','Bhushan','Om Prakash Phule','7709777228','7876545670','siruseri chennai','2','Solapur','om7@gmail.com','https://img.freepik.com/free-photo/high-angle-sandwitch-with-pickle_23-2149235938.jpg?ga=GA1.1.556730580.1747023563&semt=ais_hybrid&w=740','harshad2@gmail.com','2','Online','829443'),(21,'Pizza','','1','110.00','Bhushan','Om Prakash Phule','7709777228','7876545670','siruseri chennai','1','Sangole','om7@gmail.com','https://img.freepik.com/free-photo/pizza-pizza-filled-with-tomatoes-salami-olives_140725-1200.jpg?ga=GA1.1.556730580.1747023563&semt=ais_hybrid&w=740','','1','Online','217085'),(22,'Pizza','','1','110.00','Bhushan','Om Prakash Phule','7709777228','7876545670','siruseri chennai','1','Sangole','om7@gmail.com','https://img.freepik.com/free-photo/pizza-pizza-filled-with-tomatoes-salami-olives_140725-1200.jpg?ga=GA1.1.556730580.1747023563&semt=ais_hybrid&w=740','','0','Online','170143'),(23,'Pizza Spicy','','1','150.00','Bhushan','Om Prakash Phule','7709777228','7876545670','siruseri chennai','4','Bhushan Restro','om7@gmail.com','https://img.freepik.com/premium-photo/mouth-watering-chicken-fajita-pizza-isolated-white-background_787273-29363.jpg?ga=GA1.1.1448172054.1748952869&semt=ais_hybrid&w=740','harshad2@gmail.com','3','Online','895265');
/*!40000 ALTER TABLE `orders` ENABLE KEYS */;
UNLOCK TABLES;

--
-- Table structure for table `restaurant`
--

DROP TABLE IF EXISTS `restaurant`;
/*!40101 SET @saved_cs_client     = @@character_set_client */;
/*!50503 SET character_set_client = utf8mb4 */;
CREATE TABLE `restaurant` (
  `rid` int NOT NULL AUTO_INCREMENT,
  `rname` varchar(45) NOT NULL,
  `address` varchar(80) NOT NULL,
  `city` varchar(45) NOT NULL,
  `rphone` varchar(10) NOT NULL,
  `gstid` varchar(45) NOT NULL,
  `oname` varchar(45) NOT NULL,
  `oemail` varchar(45) NOT NULL,
  `ophone` varchar(10) NOT NULL,
  `oaltphone` varchar(10) NOT NULL,
  `password` varchar(100) NOT NULL,
  `otime` varchar(15) NOT NULL,
  `ctime` varchar(15) NOT NULL,
  `holiday` varchar(10) NOT NULL,
  `flag` varchar(2) NOT NULL,
  PRIMARY KEY (`rid`)
) ENGINE=InnoDB AUTO_INCREMENT=6 DEFAULT CHARSET=utf8mb4 COLLATE=utf8mb4_0900_ai_ci;
/*!40101 SET character_set_client = @saved_cs_client */;

--
-- Dumping data for table `restaurant`
--

LOCK TABLES `restaurant` WRITE;
/*!40000 ALTER TABLE `restaurant` DISABLE KEYS */;
INSERT INTO `restaurant` VALUES (3,'prafful Restro','pandharpur','sangola','7676767676','2345234532','prafful','prafful3@gmail.com','5656565656','2525252525','$2a$10$TRzif5R41ZiCYjN0wMvsRe7aQmeAc37oHWFisrtSKtD38ZSrraRAW','15:25','15:28','Monday','1'),(4,'harshad restro','dghsddf','sdfshdf','7834324734','4234234','harshad','harshad1@gmail.com','45345345','345345','$2a$10$9mhXF0qbXlIbRXDNWoO3ne5EnDsu7XaCU56bVutoTALy/HApclZgm','15:45','15:47','Monday','1'),(5,'Bhushan','Bhushan Restro','Pune','7868686868','87263486','Bhushan','bhushan1@gmail.com','6767676767','2112121212','$2a$10$JP3.fClj7fXqk4dSkEOyQOTTC6sSOzWu4chO/AaizYAomuRtmg8hC','12:09','12:11','Monday','1');
/*!40000 ALTER TABLE `restaurant` ENABLE KEYS */;
UNLOCK TABLES;

--
-- Table structure for table `users`
--

DROP TABLE IF EXISTS `users`;
/*!40101 SET @saved_cs_client     = @@character_set_client */;
/*!50503 SET character_set_client = utf8mb4 */;
CREATE TABLE `users` (
  `username` varchar(50) NOT NULL,
  `password` varchar(100) NOT NULL,
  `enabled` varchar(10) NOT NULL,
  PRIMARY KEY (`username`)
) ENGINE=InnoDB DEFAULT CHARSET=utf8mb4 COLLATE=utf8mb4_0900_ai_ci;
/*!40101 SET character_set_client = @saved_cs_client */;

--
-- Dumping data for table `users`
--

LOCK TABLES `users` WRITE;
/*!40000 ALTER TABLE `users` DISABLE KEYS */;
INSERT INTO `users` VALUES ('admin@gmail.com','$2a$10$NHq3qgVdwHnJARi6DWt4gO82ZTIHzRUBVg7ImFHHtQWyrsUi36tye','1'),('bhushan1@gmail.com','$2a$10$JP3.fClj7fXqk4dSkEOyQOTTC6sSOzWu4chO/AaizYAomuRtmg8hC','1'),('harshad1@gmail.com','$2a$10$9mhXF0qbXlIbRXDNWoO3ne5EnDsu7XaCU56bVutoTALy/HApclZgm','1'),('harshad2@gmail.com','$2a$10$qkTOgqZ9z0DZMR9yJcXbne7PR1e/30c2SYyhbucUwyC8PgRvlPhpy','1'),('om1@gmail.com','$2a$10$ODpwsQOdlFA2ezahPogewOboVA2GAu8B30RJI6gvd8PFkMtJHXrcW','1'),('om2@gmail.com','{bcrypt}$2a$10$Nk9ErAxbJgRNb0Pv6RgqTuTZsWKh9PncfjnSJUlEV/ERtSLSnntVO','1'),('om3@gmail.com','{noop}pass123','1'),('om4@gmail.com','{noop}pass123','1'),('om6@gmail.com','$2a$10$ortUq5SzaLiyj5tqV/BuMugKnP5pF2Tpka4Syc8cUF8aKD1wkSbcy','1'),('om7@gmail.com','$2a$10$d4g7jZv6oeTjGXS0NXxeGOBD/NKUQ0tyqo2TM1.7olDxmopcNUX2y','1'),('omphule1@gmail.com','$2a$12$.gTx5Ved4.1T9mPaFTuHy.ZOU7kHJze6.rMUieJrwmWDy7mPDKZvO','1'),('prafful3@gmail.com','$2a$10$TRzif5R41ZiCYjN0wMvsRe7aQmeAc37oHWFisrtSKtD38ZSrraRAW','1'),('sarthak@gmail.com','$2a$10$k7jNdfB0fJ1DfCl972jWp.VrSlLIcni2L7DR6PcXdH0gINC8vGTxS','1'),('soham@gmail.com','$2a$12$YHdPPoDnS9YZ4SjDFuzz/u4LKCEfx29Q/LGTsq5ODEabt0JkCEqsC','1');
/*!40000 ALTER TABLE `users` ENABLE KEYS */;
UNLOCK TABLES;
/*!40103 SET TIME_ZONE=@OLD_TIME_ZONE */;

/*!40101 SET SQL_MODE=@OLD_SQL_MODE */;
/*!40014 SET FOREIGN_KEY_CHECKS=@OLD_FOREIGN_KEY_CHECKS */;
/*!40014 SET UNIQUE_CHECKS=@OLD_UNIQUE_CHECKS */;
/*!40101 SET CHARACTER_SET_CLIENT=@OLD_CHARACTER_SET_CLIENT */;
/*!40101 SET CHARACTER_SET_RESULTS=@OLD_CHARACTER_SET_RESULTS */;
/*!40101 SET COLLATION_CONNECTION=@OLD_COLLATION_CONNECTION */;
/*!40111 SET SQL_NOTES=@OLD_SQL_NOTES */;

-- Dump completed on 2025-06-10 16:45:02
